Time,Australia,Austria,Belgium,Canada,Chile,Colombia,Costa Rica,Czech Republic,Denmark,Estonia,Euro area (19 countries),European Union â 27 countries (from 01/02/2020),Finland,France,Germany,Greece,Hungary,Iceland,Ireland,Israel,Italy,Japan,Korea,Latvia,Lithuania,Luxembourg,Mexico,Netherlands,Norway,OECD - Total,Poland,Portugal,Slovak Republic,Slovenia,Spain,Sweden,TÃ¼rkiye,United Kingdom,United States
Apr-2012,10.9,10.1,17.6,13.3,16.7,21.8,22.8,19.4,16.6,22.0,23.7,23.9,18.7,24.6,8.6,53.0,27.1,15.7,31.7,11.6,34.4,8.7,9.2,29.9,27.4,18.1,9.8,12.9,10.6,16.9,26.6,37.0,37.0,18.2,51.8,20.7,16.5,21.9,16.6
Apr-2013,11.7,8.5,24.2,13.7,16.5,20.0,21.9,19.7,15.2,16.9,25.2,25.2,20.6,27.1,8.2,58.8,25.6,12.3,27.9,10.6,39.5,7.9,9.7,19.4,20.0,17.4,9.7,13.8,11.1,17.0,27.7,39.1,35.4,24.9,55.7,23.5,17.1,20.9,16.3
Apr-2014,12.9,8.8,24.6,13.2,15.5,19.1,23.6,16.3,13.7,18.9,24.6,24.3,20.1,25.2,8.4,54.6,20.1,11.1,25.3,8.5,42.8,6.0,9.9,20.0,20.3,20.4,9.8,14.1,9.8,15.5,24.8,36.5,32.3,20.4,52.9,23.9,17.4,17.6,13.0
Apr-2015,13.3,10.5,21.4,13.4,15.9,17.4,24.0,13.1,10.2,12.9,23.2,22.6,22.5,25.8,7.6,52.4,18.6,10.6,20.6,7.6,41.6,5.3,10.4,14.6,16.9,16.5,8.5,12.4,12.0,14.4,21.8,32.1,27.8,16.7,49.3,20.4,18.5,15.7,11.8
Apr-2016,12.1,10.7,19.9,12.9,15.9,18.1,23.1,10.2,10.5,12.5,21.8,20.9,22.2,25.6,7.6,51.1,13.9,8.1,17.0,7.5,36.9,5.1,10.4,16.9,15.8,18.9,8.0,12.5,15.0,13.6,18.0,30.0,24.0,14.9,46.2,18.4,18.6,13.4,11.0
Apr-2017,12.6,11.5,20.3,11.4,17.6,17.4,20.2,8.8,12.0,17.3,19.9,19.0,21.7,24.4,7.1,45.2,11.2,8.3,14.1,7.1,35.0,5.0,11.0,16.1,13.5,15.5,7.3,11.0,12.0,12.7,15.6,23.9,20.3,10.6,39.7,16.7,21.4,12.5,9.3
Apr-2018,12.5,9.9,18.2,11.0,17.9,16.8,25.2,7.4,8.8,7.4,17.7,16.8,18.1,21.9,6.8,39.9,9.5,7.3,13.6,6.7,32.8,3.6,9.5,11.9,11.8,14.0,7.2,8.6,11.5,11.5,11.1,20.9,16.1,8.5,34.8,14.7,18.4,12.0,8.4
Apr-2019,11.9,9.0,14.0,9.9,17.2,19.9,30.6,6.5,8.7,12.5,16.3,15.7,18.3,20.4,6.1,35.9,11.1,8.1,13.4,6.0,30.6,3.7,11.7,14.4,10.5,17.0,7.0,7.9,9.7,11.8,11.0,17.2,16.2,6.6,32.9,18.6,25.4,11.6,8.1
Apr-2020,14.0,14.6,15.5,27.1,25.1,31.4,41.2,6.8,7.1,13.3,17.4,16.8,19.8,22.5,7.2,35.4,13.9,11.7,13.6,5.5,26.3,4.8,10.7,17.4,17.0,24.2,10.1,10.3,11.6,19.1,9.7,20.3,21.3,15.9,37.6,23.0,24.2,13.0,27.4
Apr-2021,10.6,12.5,18.8,15.9,22.7,26.1,40.0,8.8,9.2,15.5,18.5,18.1,22.4,19.9,7.5,47.5,13.1,11.7,20.6,6.7,32.2,4.4,9.5,16.8,16.7,19.3,11.6,10.3,13.2,14.3,14.2,24.4,21.4,13.9,38.6,27.1,25.3,13.5,10.8
Apr-2022,8.7,10.8,16.8,10.1,17.2,21.2,30.7,8.6,7.1,15.0,14.3,14.2,12.7,17.2,5.6,32.5,10.9,9.1,9.1,6.1,24.4,4.1,7.1,12.9,11.2,16.8,6.3,6.9,6.8,10.7,9.5,20.6,20.1,11.9,28.3,21.6,19.9,10.4,7.9
Aug-2012,11.5,11.7,20.6,14.5,16.0,20.2,21.9,19.8,16.3,20.6,24.4,24.6,19.4,25.8,8.5,57.8,28.1,13.9,31.1,15.2,34.6,8.0,8.9,31.6,26.0,18.2,9.7,12.7,10.2,16.9,26.7,39.9,34.9,23.2,53.6,25.1,15.3,21.0,16.7
Aug-2013,12.8,10.1,23.5,13.9,14.6,19.9,21.8,19.4,14.2,15.8,25.0,25.0,19.9,25.7,8.4,60.6,25.7,11.9,25.9,10.9,40.4,7.0,9.9,27.6,24.3,15.2,9.2,14.5,13.4,16.6,27.4,37.0,33.5,20.4,55.6,23.2,17.0,21.2,15.7
Aug-2014,13.4,9.2,20.7,13.2,16.4,18.6,26.4,15.6,14.5,14.7,24.0,23.6,18.4,25.5,8.2,51.4,20.0,11.4,22.2,13.9,42.2,5.5,9.7,20.9,18.3,,9.5,13.3,9.4,,23.7,32.7,30.5,19.9,54.1,21.1,18.3,16.4,13.2
Aug-2015,13.1,11.2,21.8,12.7,15.1,18.9,22.0,11.6,12.5,13.9,22.8,22.0,21.8,26.1,7.6,47.2,15.9,9.8,19.2,11.0,39.4,5.5,9.8,15.5,16.1,17.4,8.4,12.5,12.2,14.1,20.0,31.2,28.0,14.0,48.0,18.4,18.2,14.2,11.1
Aug-2016,12.9,11.2,20.9,12.1,16.1,17.5,22.4,10.7,13.4,14.9,21.1,20.4,19.0,26.7,7.4,48.1,11.9,8.0,16.5,10.8,36.4,5.1,11.4,18.9,13.2,18.4,7.5,11.9,12.6,13.2,18.2,26.4,23.0,14.6,43.2,18.7,19.6,13.3,10.2
Aug-2017,12.7,10.8,18.4,10.9,17.4,18.7,24.2,8.0,14.8,10.4,19.0,18.2,19.9,23.2,6.9,42.1,10.6,8.6,15.2,9.0,34.3,4.5,10.8,17.2,12.5,15.0,6.6,10.3,12.4,12.3,14.2,24.3,19.9,11.3,37.0,16.4,20.5,12.0,8.9
Aug-2018,11.8,8.9,15.4,10.6,17.8,18.3,25.9,6.3,12.8,15.9,17.4,16.7,18.2,22.3,6.5,38.4,9.8,7.9,14.0,9.7,32.1,3.9,13.2,10.6,9.2,14.8,6.7,9.5,11.1,11.6,12.1,20.1,15.4,9.7,34.0,18.3,19.6,11.2,8.2
Aug-2019,11.8,11.3,12.3,11.4,18.7,21.8,31.5,4.7,11.9,14.6,15.8,15.3,20.7,19.6,6.2,37.2,10.8,9.9,12.7,8.0,26.7,3.8,9.6,10.8,10.9,17.3,7.5,8.7,12.5,12.1,10.1,18.1,17.5,8.1,32.2,19.2,27.0,11.9,8.4
Aug-2020,14.0,12.9,16.9,22.4,27.1,28.0,46.0,9.3,13.2,22.4,19.6,19.0,25.3,22.3,8.1,42.0,13.1,12.0,19.9,11.2,32.6,4.8,10.1,14.1,24.7,23.3,8.2,12.3,14.7,15.8,11.8,26.3,22.4,15.9,41.0,26.1,24.5,14.9,14.7
Aug-2021,10.4,11.8,18.6,11.8,17.2,24.0,37.8,8.0,11.1,14.3,15.9,15.8,14.4,18.9,6.4,32.4,13.7,9.3,10.9,9.4,27.4,4.4,7.4,14.5,14.2,16.9,7.3,9.0,10.7,12.2,10.9,22.7,21.0,12.9,31.4,25.3,22.5,11.7,9.8
Aug-2022,8.4,11.0,17.5,9.5,18.8,23.3,30.9,7.8,10.8,17.5,14.9,14.8,12.7,18.1,5.9,31.6,10.4,8.1,11.5,7.8,22.8,4.1,6.2,17.0,11.4,17.2,6.7,8.6,9.7,10.9,11.2,18.7,18.4,9.6,31.2,20.9,18.3,9.8,8.0
Dec-2012,12.1,9.6,22.5,13.6,17.0,21.6,23.9,19.2,12.4,18.4,25.2,25.2,19.6,28.1,8.3,59.6,27.7,12.9,28.9,11.9,37.7,7.2,9.3,21.7,23.5,18.4,8.9,13.4,11.2,17.1,27.7,40.7,36.7,23.8,55.1,23.8,16.9,21.4,16.5
Dec-2013,12.5,11.8,25.0,13.7,18.1,17.4,23.6,18.7,15.1,17.0,25.0,24.9,19.8,25.3,8.5,58.0,22.8,11.1,25.5,9.0,42.3,6.0,10.2,20.9,21.1,16.1,9.4,14.3,13.8,15.7,27.1,35.3,35.1,19.5,54.2,22.1,16.5,19.9,13.4
Dec-2014,13.1,11.8,22.3,13.2,16.4,19.8,23.5,13.8,12.6,15.4,23.8,23.2,22.3,26.5,7.8,50.5,18.7,11.1,21.4,9.9,40.7,6.3,10.6,17.0,18.9,21.5,8.3,13.1,9.8,14.9,21.9,34.2,28.6,19.3,51.1,20.6,18.9,16.2,12.2
Dec-2015,12.1,12.0,25.9,12.9,14.7,18.6,24.1,10.8,12.8,19.5,22.5,21.7,22.1,26.2,7.6,51.1,14.4,8.6,19.0,9.2,38.1,5.2,10.1,19.4,13.3,17.9,8.8,12.4,13.5,13.9,20.1,30.4,26.8,17.1,46.0,18.5,17.5,13.8,11.1
Dec-2016,13.3,10.9,19.9,11.8,15.0,19.6,22.7,10.3,10.8,14.8,20.7,19.7,17.9,24.7,7.2,45.6,11.4,8.2,16.0,6.8,38.0,4.8,9.1,16.9,14.8,18.7,7.3,11.5,12.7,13.2,15.4,26.3,21.0,15.1,42.3,18.7,22.2,12.3,10.0
Dec-2017,12.4,9.1,17.2,10.4,17.8,18.5,23.1,5.1,10.8,8.8,18.4,17.7,18.7,22.8,7.0,44.0,10.4,7.8,13.8,6.4,32.2,4.7,10.2,17.3,13.6,14.9,7.2,9.6,12.9,12.1,13.8,22.1,19.1,12.2,37.0,17.8,18.2,12.3,9.1
Dec-2018,11.4,9.5,12.4,10.4,17.5,21.2,32.3,6.9,10.0,9.8,16.7,16.0,12.7,20.9,6.2,40.6,10.4,7.9,13.3,7.6,32.1,3.4,10.5,13.4,11.6,14.0,7.5,8.4,11.8,12.1,11.7,18.1,14.0,7.1,33.7,17.1,24.6,11.5,8.9
Dec-2019,11.7,8.6,15.0,10.8,20.6,19.5,34.1,3.9,9.3,10.2,16.3,15.5,17.9,22.1,6.4,34.1,10.5,10.7,11.2,5.2,28.3,3.2,10.0,11.8,14.7,17.9,6.7,8.4,11.6,11.6,8.0,18.8,17.0,8.6,31.0,19.5,23.7,11.7,8.3
Dec-2020,14.1,11.6,16.4,18.3,24.3,25.7,42.8,10.1,11.8,19.1,18.5,18.1,22.0,20.7,8.2,35.3,13.1,12.4,15.1,7.8,31.2,5.1,10.9,13.1,15.2,21.4,8.0,10.9,13.5,14.7,13.6,23.6,21.1,15.0,40.4,23.8,26.0,14.6,12.6
Dec-2021,9.5,8.5,15.7,10.7,16.8,23.6,35.3,7.5,8.3,18.0,14.6,14.5,13.1,16.6,5.8,29.5,12.1,9.2,11.0,6.2,26.4,5.0,7.6,12.1,12.0,17.8,7.4,7.8,11.9,11.3,9.6,20.7,19.7,10.1,31.5,22.7,21.7,11.2,8.2
Dec-2022,7.7,8.8,16.2,9.7,18.3,21.0,28.5,9.9,11.3,17.3,14.3,14.5,18.8,16.9,5.8,29.5,11.3,7.7,10.2,5.6,22.2,4.4,5.7,18.0,12.8,18.1,6.4,7.5,11.3,10.8,12.2,19.2,21.2,9.3,29.6,23.1,19.7,10.8,8.2
Feb-2012,11.8,9.7,19.0,14.6,16.7,21.1,23.8,20.2,15.8,22.0,23.2,23.6,17.8,24.2,8.7,51.9,27.2,16.0,31.8,11.3,32.1,9.3,8.5,30.4,30.0,18.1,10.4,12.8,9.9,16.9,26.7,35.8,35.7,17.5,50.6,22.5,15.5,21.9,16.5
Feb-2013,12.2,9.5,23.2,12.8,16.9,20.0,23.8,20.2,14.4,21.3,25.5,25.5,20.3,27.3,8.2,62.1,28.6,12.5,28.2,10.6,39.6,6.7,8.9,24.2,20.3,18.6,9.2,13.6,12.4,16.9,28.2,41.8,36.1,21.7,55.8,23.4,17.3,20.8,16.3
Feb-2014,12.8,10.5,26.3,13.4,17.3,20.0,25.7,16.4,15.3,15.8,25.0,24.8,21.0,25.3,8.5,56.7,20.8,11.1,26.2,9.9,43.1,5.8,10.4,18.5,19.0,18.0,9.1,14.7,7.3,16.0,26.3,36.7,33.3,22.2,54.1,22.6,16.7,18.9,14.5
Feb-2015,13.4,9.3,20.9,13.1,15.1,18.9,23.6,14.8,12.4,13.3,23.6,23.1,23.4,26.2,7.6,53.4,18.9,10.9,22.7,7.7,42.7,6.2,11.3,14.7,18.9,18.5,8.9,12.5,10.9,14.8,22.4,33.7,27.5,17.9,50.3,21.4,19.0,15.9,11.8
Feb-2016,11.7,13.2,19.9,12.9,15.1,17.9,22.4,9.3,11.5,13.8,22.3,21.4,23.0,26.3,7.6,50.5,14.3,8.4,17.7,8.7,38.6,5.8,11.1,14.5,13.6,19.1,8.4,12.5,13.1,13.6,19.1,30.2,25.9,16.5,45.6,18.9,18.0,13.7,10.5
Feb-2017,12.8,10.8,21.5,12.0,17.5,18.1,20.3,9.3,13.5,15.3,20.1,19.2,20.9,23.7,7.2,49.0,10.7,8.3,14.2,6.8,35.3,4.3,11.2,17.3,14.0,16.9,6.4,11.1,13.9,12.8,15.0,24.4,20.1,10.9,40.7,18.3,21.4,12.4,9.8
Feb-2018,13.1,10.3,17.1,11.0,17.2,20.6,26.4,7.8,8.9,12.2,18.4,17.3,19.0,23.1,7.0,47.7,10.5,7.4,14.2,6.5,33.2,4.2,10.2,14.3,13.0,14.3,6.6,8.9,10.3,12.0,11.9,21.1,18.6,10.1,36.0,13.4,18.6,12.0,9.0
Feb-2019,11.0,8.0,15.8,10.4,16.9,19.5,29.5,5.4,10.9,6.7,16.6,16.0,18.0,21.0,6.1,37.9,10.7,7.9,12.2,6.1,31.2,3.5,10.0,13.4,12.1,16.0,6.8,8.2,13.2,12.0,10.5,17.0,15.7,9.3,34.0,20.8,25.2,10.8,9.1
Feb-2020,12.1,10.9,12.7,10.6,19.8,21.5,32.0,5.4,10.4,9.7,16.1,15.7,17.0,20.2,6.7,37.5,10.8,11.2,11.8,3.9,28.7,4.2,9.5,14.3,15.0,17.9,6.9,8.0,12.5,11.6,8.8,18.9,17.4,11.0,32.2,20.1,23.4,12.3,7.9
Feb-2021,12.8,12.1,19.4,17.4,24.0,26.9,44.7,9.3,13.7,16.3,18.7,18.3,20.5,21.3,8.0,40.3,13.2,12.3,17.6,7.8,32.5,5.0,9.9,16.0,12.0,20.6,8.8,10.8,14.8,14.3,13.7,23.2,20.9,15.0,39.0,24.0,26.2,13.7,11.0
Feb-2022,9.1,8.5,14.9,10.3,17.2,23.9,33.9,7.4,8.9,18.6,14.2,14.2,13.8,16.5,5.6,34.5,11.1,9.2,8.1,6.5,24.5,3.9,7.4,11.5,12.5,17.3,6.6,7.3,9.7,11.0,10.0,19.8,20.5,9.6,29.9,22.2,20.1,10.6,8.3
Feb-2023,7.9,,,9.9,,,,,,,,,,,,,,,,5.7,,,6.4,,,,,,,,,,,,,,,,8.1
Jan-2012,11.4,9.3,19.0,14.3,17.0,20.1,24.2,19.8,19.0,21.2,23.1,23.5,21.6,24.3,8.7,52.1,27.0,16.1,30.4,11.7,31.5,9.0,9.3,29.8,30.3,18.1,9.7,12.5,10.7,16.6,26.6,35.9,36.0,17.5,49.7,22.2,15.0,22.1,16.1
Jan-2013,12.0,11.7,23.2,12.9,17.1,19.7,23.0,17.9,16.0,19.7,25.5,25.5,21.7,27.7,8.3,59.4,29.5,12.6,28.3,11.2,38.9,6.9,8.4,23.5,21.6,18.4,10.4,13.5,11.2,17.2,28.2,41.1,36.3,21.7,55.4,23.0,17.1,21.2,16.8
Jan-2014,12.3,13.3,26.3,13.5,17.5,18.3,24.9,17.6,15.7,18.9,25.2,25.0,21.1,25.3,8.5,56.1,21.7,11.1,25.7,8.6,43.3,6.3,10.3,19.0,19.9,17.7,9.8,14.3,10.9,16.0,26.8,35.5,34.0,22.2,54.8,22.4,16.3,19.2,14.1
Jan-2015,14.2,8.5,20.9,12.7,15.9,16.0,23.6,13.3,10.5,14.9,23.6,23.0,20.8,26.4,7.7,50.4,18.7,11.0,22.2,9.3,41.7,6.9,10.7,15.3,18.9,18.6,8.3,13.1,12.3,14.7,22.3,34.7,28.0,17.9,50.8,20.8,19.0,16.1,12.0
Jan-2016,12.7,13.6,19.9,12.7,14.8,19.8,23.4,11.0,11.1,17.6,22.3,21.5,20.6,26.2,7.6,53.4,13.9,8.5,18.2,7.3,39.0,5.3,10.6,16.1,13.3,18.6,7.8,12.4,14.0,13.5,19.5,29.9,26.2,16.5,45.4,19.1,17.7,13.8,10.0
Jan-2017,12.3,12.0,21.5,12.5,17.6,18.0,23.4,8.3,11.9,14.3,20.4,19.4,23.2,23.9,7.2,47.1,10.8,8.3,14.7,6.7,37.1,4.8,8.8,17.4,14.4,17.2,6.7,11.2,10.4,12.9,15.1,25.4,20.3,10.9,41.4,17.3,22.0,12.5,10.0
Jan-2018,12.2,11.0,17.1,10.3,16.7,20.3,24.2,7.0,11.9,10.7,18.4,17.5,16.9,23.1,7.0,43.7,10.3,7.5,13.8,5.8,32.5,3.8,9.4,15.7,13.2,14.6,6.3,9.1,10.2,11.9,12.7,21.4,19.1,10.1,36.4,15.9,18.3,12.1,9.2
Jan-2019,11.5,7.6,15.8,10.3,18.2,20.8,29.7,5.7,11.0,9.1,16.7,16.1,17.0,21.0,6.2,42.7,10.8,7.9,12.1,6.8,31.7,3.4,10.2,13.2,12.6,14.3,6.7,8.3,11.5,12.1,10.9,17.5,15.1,9.3,34.0,19.6,25.1,11.3,9.2
Jan-2020,12.2,9.2,12.7,9.7,19.8,21.7,33.8,6.5,9.2,9.5,16.3,15.5,19.2,21.3,6.5,32.2,10.6,10.9,11.4,7.1,28.4,3.6,9.1,13.5,14.6,18.4,7.8,8.1,12.0,11.9,8.5,19.5,17.2,11.0,31.8,20.5,24.2,11.8,8.5
Jan-2021,14.0,12.2,19.4,19.1,24.8,26.9,43.7,11.2,11.4,17.9,18.8,18.4,20.3,21.1,8.1,44.6,13.3,12.4,15.9,7.3,33.0,5.4,11.6,14.9,12.0,20.8,8.3,10.6,11.0,14.5,13.5,23.3,20.9,15.0,39.4,24.9,24.6,14.5,11.3
Jan-2022,9.0,8.5,14.9,12.5,16.7,23.8,34.8,6.4,11.0,20.1,14.4,14.5,15.2,16.2,5.7,37.0,11.3,9.2,9.2,5.8,25.4,4.6,8.0,11.4,12.7,17.3,6.7,7.6,9.9,11.3,9.9,20.4,20.3,9.6,30.7,22.1,20.8,11.2,8.3
Jan-2023,7.9,8.5,,9.5,,21.8,,7.1,11.2,16.6,14.4,14.4,14.9,17.4,5.7,28.1,11.1,7.7,10.4,6.3,22.9,4.5,6.2,17.5,13.7,18.9,6.2,7.8,13.0,10.8,12.1,20.5,20.8,,29.6,20.2,20.2,,8.0
Jul-2012,11.9,10.3,20.6,13.9,15.5,21.0,23.5,17.9,14.4,22.8,24.3,24.4,18.5,25.4,8.5,57.2,27.8,14.2,31.4,13.4,35.6,8.4,9.2,31.4,26.1,18.3,9.0,12.6,11.2,16.7,26.5,38.4,34.2,23.2,53.2,23.4,15.0,20.8,16.3
Jul-2013,11.9,11.3,23.5,13.7,14.8,19.6,21.7,18.6,16.7,16.8,25.1,25.1,18.0,26.4,8.3,60.3,26.1,12.0,26.4,13.8,39.5,6.1,10.0,25.2,23.5,15.3,9.5,14.7,9.9,16.5,27.4,38.7,34.0,20.4,55.9,22.9,16.8,21.3,15.4
Jul-2014,13.6,12.3,20.7,12.7,16.6,18.9,25.3,16.8,14.2,12.6,24.5,24.0,19.3,25.4,8.2,51.6,21.0,11.3,22.9,14.9,43.2,6.6,9.5,20.7,19.1,,9.0,13.6,11.5,,24.1,34.8,30.9,19.9,54.4,19.6,18.0,16.1,13.5
Jul-2015,13.6,11.5,21.8,12.9,15.2,17.3,21.7,12.9,15.1,12.2,22.8,22.1,25.6,25.9,7.6,53.2,16.8,10.0,19.1,12.7,38.2,5.6,10.6,14.6,16.2,17.1,8.9,12.6,14.5,14.3,20.1,31.2,28.2,14.0,48.2,19.4,18.1,14.7,11.5
Jul-2016,13.2,13.7,20.9,13.0,16.3,19.1,21.5,11.7,14.8,15.2,21.5,20.8,23.3,26.1,7.5,44.9,12.1,7.9,16.5,11.2,38.1,4.7,10.4,19.2,14.0,18.2,7.5,12.1,13.1,13.6,18.2,27.4,23.1,14.6,43.9,18.5,19.7,13.8,10.6
Jul-2017,12.8,11.3,18.4,10.5,16.4,18.6,23.0,8.4,12.9,9.0,19.1,18.3,18.2,23.6,7.0,43.6,10.6,8.6,15.2,8.0,34.6,4.8,9.3,16.8,12.6,15.3,7.0,10.3,11.8,12.3,14.5,23.1,20.0,11.3,37.6,17.9,20.4,12.2,8.9
Jul-2018,11.1,11.1,15.4,10.6,18.3,18.2,25.0,6.6,11.0,11.7,17.3,16.6,15.0,22.2,6.5,38.4,9.9,7.9,13.8,10.6,31.8,3.9,10.6,10.3,9.1,14.1,6.6,9.1,11.9,11.6,11.8,20.0,15.4,9.7,34.1,17.8,19.8,10.9,8.6
Jul-2019,12.0,11.3,12.3,11.4,18.7,21.4,30.5,6.2,10.2,13.6,16.0,15.5,15.3,19.7,6.1,36.0,10.5,9.4,13.1,8.5,28.7,3.4,11.5,11.9,9.9,17.6,7.3,8.5,11.3,12.0,10.5,19.6,17.4,8.1,32.4,19.6,25.2,11.8,8.4
Jul-2020,16.6,13.7,16.9,24.2,28.5,32.3,47.3,9.0,14.4,24.4,19.4,19.0,23.1,22.8,7.9,38.5,13.9,11.8,19.3,10.4,32.6,5.1,10.5,15.5,26.2,25.0,10.7,12.2,14.5,17.4,11.5,26.3,22.5,15.9,40.9,29.5,25.3,14.2,18.4
Jul-2021,10.3,10.5,18.6,12.1,18.3,24.0,39.5,8.1,10.0,18.6,16.3,16.1,14.4,19.1,6.7,33.4,13.9,9.8,12.6,9.1,27.7,4.4,7.3,14.9,16.8,17.5,7.5,8.8,13.9,12.3,11.9,23.2,21.5,12.9,33.3,23.3,21.7,12.1,9.5
Jul-2022,7.1,10.2,17.5,9.0,17.3,19.7,30.8,6.6,12.3,23.6,14.7,14.5,14.5,17.9,5.8,28.2,10.3,8.4,11.1,8.0,23.4,4.1,7.1,15.9,11.0,16.4,6.2,7.8,7.9,10.5,10.6,17.8,18.3,9.6,29.9,18.4,19.0,9.0,7.9
Jun-2012,11.6,10.0,17.6,14.4,15.8,20.6,22.7,19.0,15.4,23.9,24.0,24.1,17.5,25.2,8.6,57.1,27.1,14.7,31.3,11.1,34.3,7.5,8.9,30.2,26.0,18.5,9.4,12.7,9.6,16.6,26.6,38.2,32.2,18.2,52.8,21.9,15.0,21.6,16.2
Jun-2013,11.8,10.9,24.2,13.5,14.8,19.6,21.7,16.6,14.1,15.9,25.1,25.0,20.4,26.7,8.3,59.4,25.6,12.1,27.1,9.8,39.0,6.3,8.3,20.8,21.8,16.8,9.6,14.2,10.7,16.6,27.4,38.2,35.0,24.9,55.5,22.8,16.5,21.3,16.0
Jun-2014,13.4,11.0,24.6,13.1,15.7,19.1,25.1,16.5,17.1,13.7,24.2,24.1,20.9,25.3,8.3,49.5,21.4,11.2,23.8,11.0,42.0,7.0,9.9,21.0,20.9,21.8,9.3,13.7,9.1,15.4,24.1,35.4,31.3,20.4,53.2,23.4,17.5,16.5,13.1
Jun-2015,13.1,11.6,21.4,12.3,15.3,17.0,22.3,12.8,12.6,10.5,23.1,22.5,23.3,25.8,7.6,47.0,17.2,10.1,19.2,10.6,42.3,5.5,11.7,14.6,16.1,16.7,9.8,12.5,12.8,14.6,20.5,31.5,28.3,16.7,48.4,20.8,18.7,15.5,11.9
Jun-2016,13.0,12.2,19.9,12.5,16.5,19.4,22.9,11.9,13.0,14.0,21.4,20.6,20.5,26.0,7.5,47.2,12.3,8.0,16.6,9.5,36.5,5.1,10.7,19.1,15.8,18.7,8.0,12.1,11.8,13.5,18.0,26.8,23.2,14.9,45.2,16.6,19.1,13.7,10.5
Jun-2017,13.1,7.5,20.3,11.3,17.8,18.1,21.8,7.9,12.4,11.4,19.4,18.5,23.1,24.2,7.0,43.2,10.8,8.5,14.8,7.1,34.6,4.6,10.4,16.5,12.8,15.1,6.7,10.4,14.4,12.4,15.2,23.9,20.3,10.6,38.4,16.7,20.9,12.1,9.1
Jun-2018,11.3,9.3,18.2,11.5,17.7,18.3,24.2,7.2,10.0,9.9,17.4,16.6,14.4,21.7,6.6,40.3,9.5,7.8,13.4,6.3,32.7,3.9,9.2,10.2,10.9,14.6,7.0,9.0,12.8,11.7,11.3,20.0,15.4,8.5,34.0,17.5,19.3,11.3,8.8
Jun-2019,12.1,9.2,14.0,10.7,18.4,18.3,31.7,6.0,10.0,17.3,15.9,15.3,15.5,20.0,6.1,38.3,10.5,8.8,13.6,8.0,27.8,3.8,11.4,13.8,9.9,17.2,7.5,8.4,11.7,11.6,10.9,18.8,17.2,6.6,32.3,17.5,25.6,11.4,7.9
Jun-2020,16.5,12.2,15.5,27.8,28.8,30.7,45.7,8.3,15.2,23.3,18.8,18.4,21.5,22.0,7.7,42.9,15.9,11.7,17.1,9.5,30.9,4.2,10.6,16.9,22.2,26.6,9.5,12.2,15.6,17.8,10.9,27.0,21.8,15.9,41.5,28.0,24.5,13.7,20.4
Jun-2021,10.4,11.2,18.8,14.1,19.5,27.3,40.2,7.2,9.0,18.4,17.0,16.7,15.9,18.6,7.0,31.6,13.8,10.5,15.7,8.8,29.3,4.5,8.6,15.8,19.3,17.3,7.4,9.3,12.8,12.7,13.1,24.7,21.7,13.9,35.8,24.9,20.9,12.8,9.7
Jun-2022,8.0,9.9,16.8,9.6,16.9,21.4,29.8,7.5,10.5,24.0,14.7,14.6,15.3,17.9,5.7,30.7,10.4,8.6,10.4,5.6,23.5,4.5,7.1,14.7,11.4,16.7,6.7,7.5,10.2,10.8,9.9,19.0,19.1,11.9,28.9,21.1,19.8,9.1,8.1
Mar-2012,11.8,10.3,19.0,13.6,17.3,20.7,22.4,18.2,14.6,23.2,23.8,23.9,20.7,24.4,8.6,53.0,26.9,15.9,32.0,11.6,35.2,8.8,8.8,30.4,29.0,18.6,8.9,12.8,8.3,16.7,26.6,36.2,33.5,17.5,51.2,21.4,15.8,21.9,16.2
Mar-2013,12.2,9.2,23.2,13.7,16.8,20.5,22.3,20.1,13.4,19.1,25.2,25.3,20.5,27.1,8.2,59.6,27.5,12.4,27.5,10.8,39.1,6.7,9.4,22.6,19.8,18.4,9.3,13.7,10.9,16.9,28.0,40.6,35.7,21.7,55.6,24.2,17.3,20.5,16.1
Mar-2014,12.5,11.8,26.3,13.2,15.4,19.4,24.3,16.3,14.0,17.5,25.1,24.8,21.9,25.3,8.5,56.6,20.2,11.1,25.9,9.0,43.9,6.6,9.6,18.6,18.7,18.6,10.0,14.4,11.2,16.0,25.5,36.3,32.8,22.2,53.8,23.0,16.9,18.2,14.6
Mar-2015,13.5,12.3,20.9,12.5,15.6,17.5,23.2,14.9,11.6,13.6,23.6,23.0,23.5,26.1,7.6,50.4,18.7,10.8,21.9,8.4,42.8,5.2,10.4,14.7,18.3,18.2,8.5,12.4,10.9,14.7,22.2,32.7,27.4,17.9,50.0,20.1,19.2,15.9,12.5
Mar-2016,11.8,10.0,19.9,13.0,15.9,18.9,23.3,9.7,12.7,12.2,21.8,21.0,20.0,26.0,7.7,50.6,14.2,8.3,17.0,8.0,37.4,5.9,11.3,14.6,14.5,19.0,8.3,12.6,13.0,13.7,18.6,31.5,25.1,16.5,45.5,18.9,17.7,13.5,10.7
Mar-2017,13.1,9.9,21.5,12.0,17.4,18.3,21.3,9.0,12.7,15.8,19.9,19.0,19.3,24.0,7.2,44.2,10.9,8.3,14.0,6.7,36.0,4.6,10.3,16.7,13.7,16.2,7.0,11.0,13.8,12.7,15.3,23.1,20.1,10.9,40.3,16.6,21.9,12.5,9.0
Mar-2018,12.3,10.4,17.1,10.6,16.6,20.8,24.1,5.9,12.2,9.7,18.1,17.1,19.9,22.6,6.9,44.3,9.9,7.3,13.8,4.8,32.0,3.9,11.0,13.1,12.6,14.4,7.1,8.7,10.9,11.7,11.4,22.0,17.6,10.1,35.2,16.4,18.1,11.8,8.3
Mar-2019,11.8,8.2,15.8,10.7,18.0,20.8,29.5,7.0,10.3,5.6,16.4,15.8,16.3,20.9,6.1,40.9,11.2,7.9,12.7,4.4,29.4,3.7,10.7,13.5,10.7,16.6,7.0,8.2,11.2,12.0,10.6,17.3,16.0,9.3,33.6,20.0,25.7,11.2,8.5
Mar-2020,11.6,9.5,12.7,17.7,21.1,22.5,37.9,5.2,10.0,11.4,16.2,15.5,21.6,20.1,7.0,35.8,10.9,11.5,12.5,4.2,27.5,4.0,10.0,15.6,16.0,20.0,6.7,8.2,11.0,12.4,9.1,18.4,17.6,11.0,34.5,18.5,23.0,12.7,10.0
Mar-2021,11.7,12.1,19.4,14.0,24.5,26.8,41.7,9.9,14.9,16.2,18.4,18.1,18.3,20.7,7.8,40.5,12.9,12.1,19.2,6.3,32.1,4.8,9.4,16.4,15.8,20.0,8.3,10.4,12.2,13.9,13.9,22.6,21.2,15.0,38.0,25.0,24.9,13.5,10.9
Mar-2022,8.2,6.4,14.9,9.2,16.8,22.3,32.4,6.8,9.9,17.3,14.2,14.2,12.1,16.9,5.6,28.9,10.8,9.2,8.5,6.5,25.1,4.1,7.5,12.1,11.2,17.0,6.3,7.1,10.0,10.8,9.9,20.3,20.4,9.6,29.6,22.4,20.5,10.8,8.2
May-2012,12.1,9.7,17.6,14.2,16.1,20.1,22.5,21.8,17.5,23.6,23.9,24.3,18.8,25.0,8.6,53.7,27.6,15.2,31.3,11.2,35.7,8.2,10.0,29.9,26.4,18.8,9.5,12.6,11.0,16.7,26.6,36.9,35.4,18.2,52.6,24.8,15.8,21.5,16.1
May-2013,11.7,9.4,24.2,12.9,15.7,19.0,22.4,18.6,11.7,16.0,25.0,25.0,21.9,26.8,8.2,62.6,25.7,12.2,27.8,9.8,38.4,7.0,8.9,18.7,20.6,16.7,9.2,13.8,11.1,16.6,27.4,38.8,35.3,24.9,55.6,22.7,16.5,21.4,16.3
May-2014,13.4,9.5,24.6,13.5,15.5,17.2,23.6,15.6,11.6,16.1,24.5,24.1,18.3,25.2,8.4,54.6,21.0,11.1,24.6,8.8,42.6,6.3,9.9,20.9,21.0,21.8,10.2,13.9,8.9,15.4,24.3,36.7,31.8,20.4,52.9,21.0,17.4,16.7,13.3
May-2015,13.4,10.4,21.4,12.5,15.9,18.4,22.6,12.2,10.0,12.0,23.0,22.3,23.6,25.8,7.6,49.6,17.6,10.3,19.7,7.5,40.7,5.4,10.0,14.8,16.3,16.7,9.3,12.5,11.7,14.6,21.1,31.0,27.9,16.7,48.8,19.9,18.5,15.7,12.3
May-2016,12.4,11.5,19.9,13.0,16.0,18.2,22.9,10.1,11.4,12.9,21.6,20.8,18.4,25.7,7.6,50.5,13.0,8.0,16.7,7.8,36.8,5.2,10.5,18.4,16.4,18.9,8.2,12.4,13.7,13.5,17.9,28.3,23.4,14.9,45.9,19.8,19.1,13.6,10.4
May-2017,12.5,9.9,20.3,11.5,17.5,17.4,21.2,9.9,11.8,13.8,19.9,19.0,20.2,24.5,7.1,46.2,11.0,8.4,14.3,7.0,36.5,5.1,10.3,16.3,13.1,15.1,6.9,10.5,13.0,12.5,15.7,24.0,20.5,10.6,39.3,17.6,20.8,12.3,8.7
May-2018,11.4,10.0,18.2,10.9,18.1,18.5,23.8,7.4,10.1,8.1,17.5,16.5,17.0,21.7,6.7,39.8,9.4,7.5,13.5,5.6,31.9,3.4,10.6,10.8,11.2,14.5,6.7,8.7,10.4,11.6,11.1,20.9,15.5,8.5,34.5,13.9,19.5,11.3,8.6
May-2019,11.8,8.9,14.0,10.3,18.1,20.9,32.0,5.9,6.9,15.2,16.2,15.6,16.3,20.2,6.1,35.1,11.1,8.4,13.8,5.1,29.8,3.7,10.9,14.5,10.1,16.8,7.1,8.1,12.4,11.8,11.1,19.5,16.7,6.6,32.9,18.7,23.9,11.6,8.5
May-2020,15.6,15.4,15.5,30.3,26.8,32.6,46.3,8.7,11.3,17.7,18.2,17.7,24.9,21.8,7.5,48.0,14.5,11.7,15.2,8.8,30.1,5.1,11.3,17.7,19.6,25.9,6.9,11.0,13.3,18.9,10.2,21.7,21.9,15.9,39.6,24.3,24.8,13.0,25.1
May-2021,10.5,12.0,18.8,16.2,21.9,26.4,39.6,7.6,9.2,18.1,17.7,17.4,18.4,18.9,7.3,36.8,13.3,11.1,18.6,7.2,30.4,4.4,9.0,16.8,19.0,18.2,8.0,10.1,15.1,13.4,13.9,25.1,21.5,13.9,37.4,25.5,24.0,13.0,10.1
May-2022,8.7,7.9,16.8,9.7,16.6,20.2,30.9,6.5,6.6,21.3,14.1,14.0,9.0,17.6,5.7,32.8,10.7,8.9,9.4,6.5,22.3,3.9,8.0,13.6,11.4,16.7,6.6,7.2,11.7,10.6,9.5,18.4,19.6,11.9,27.7,21.5,19.9,10.4,7.9
Nov-2012,11.7,10.0,22.5,13.9,17.0,20.6,23.9,20.7,15.8,16.9,25.3,25.3,20.2,28.2,8.4,60.9,27.7,13.1,29.3,11.7,38.2,6.9,8.6,22.2,24.6,18.5,10.0,13.0,11.2,16.9,27.4,40.0,36.9,23.8,54.8,23.6,16.5,21.0,15.9
Nov-2013,12.3,9.5,25.0,13.5,17.0,18.7,21.9,20.5,14.9,21.5,25.0,25.0,19.3,25.4,8.5,58.3,23.5,11.2,25.4,8.8,42.0,6.7,9.0,22.8,22.1,15.5,8.8,14.5,11.6,16.0,27.4,35.5,35.6,19.5,54.9,23.5,17.3,20.1,14.1
Nov-2014,14.3,10.5,22.3,13.2,16.4,19.7,24.4,16.6,12.0,13.1,24.0,23.6,20.7,26.5,7.9,51.6,19.4,11.2,21.0,8.9,43.1,6.5,10.2,18.5,18.8,22.1,9.8,13.1,9.6,15.3,22.0,33.2,29.0,19.3,51.3,23.1,18.7,16.4,12.5
Nov-2015,12.2,13.1,25.9,12.1,15.1,16.7,24.2,10.9,11.1,18.2,22.6,21.7,22.9,26.2,7.6,45.3,15.2,8.9,20.1,9.2,37.5,5.3,11.0,21.0,13.8,17.8,7.8,12.5,10.2,13.7,20.3,32.2,26.9,17.1,46.1,17.0,18.0,13.6,11.2
Nov-2016,13.7,10.7,19.9,12.1,14.6,18.1,24.6,10.3,12.3,14.6,21.3,20.2,21.8,25.5,7.3,47.9,11.4,8.1,16.4,7.7,39.4,4.6,9.7,17.0,14.7,18.5,7.5,11.6,14.3,13.3,15.8,27.0,21.5,15.1,43.3,17.1,21.3,12.5,10.3
Nov-2017,12.4,11.6,17.2,10.6,17.1,19.5,24.1,5.4,11.0,8.6,18.6,17.9,18.9,22.7,7.0,45.1,10.3,7.9,13.5,7.6,33.4,4.3,10.7,18.3,13.4,14.6,7.0,9.4,11.9,12.4,14.5,22.7,19.1,12.2,37.1,16.6,19.0,12.4,9.8
Nov-2018,11.7,8.0,12.4,10.6,17.8,21.1,30.6,4.9,8.8,12.2,16.8,16.2,16.5,20.9,6.3,39.8,10.3,7.9,13.6,6.8,32.3,3.5,10.3,13.2,11.1,14.3,7.3,8.6,11.9,11.8,12.2,19.1,14.0,7.1,33.6,19.5,21.8,11.8,8.3
Nov-2019,11.7,9.1,15.0,11.4,20.4,19.2,34.3,5.1,9.9,9.8,16.4,15.6,17.2,22.2,6.3,36.2,11.4,10.6,10.9,8.5,28.1,3.8,10.0,10.6,14.6,17.3,7.2,9.0,12.2,11.8,7.9,18.6,17.3,8.6,31.0,20.4,25.5,11.3,8.1
Nov-2020,15.8,12.2,16.4,17.3,24.5,26.7,43.5,9.7,11.5,22.9,18.6,18.0,21.1,20.9,8.2,40.8,12.5,12.3,16.3,9.2,30.7,4.5,10.9,11.9,22.3,20.9,7.4,10.8,11.7,14.4,13.3,23.5,21.1,15.0,40.0,22.8,24.8,14.7,11.6
Nov-2021,11.0,9.3,15.7,10.2,16.9,25.2,35.4,6.1,8.0,17.8,15.0,14.9,16.1,16.6,5.9,31.9,12.1,9.1,12.2,7.8,27.6,4.7,7.6,12.5,11.5,17.2,7.7,7.8,10.9,11.7,9.4,22.4,19.3,10.1,31.8,24.7,22.2,11.1,8.4
Nov-2022,7.7,10.3,16.2,10.3,18.4,21.6,28.9,9.4,10.1,17.3,14.5,14.5,14.6,17.0,5.9,31.6,11.1,7.7,10.4,7.3,23.3,4.9,6.7,18.4,12.6,18.4,6.0,7.8,8.5,10.7,12.3,19.1,20.9,9.3,29.9,20.3,16.6,11.3,8.2
Oct-2012,12.1,8.9,22.5,14.0,16.6,21.0,23.1,19.4,15.8,17.6,25.0,25.0,19.2,27.7,8.4,56.8,28.1,13.4,29.9,12.1,36.8,7.7,8.5,24.8,25.4,18.5,9.6,13.1,12.3,16.9,27.0,39.9,36.0,23.8,54.5,23.5,15.9,20.8,16.0
Oct-2013,13.1,11.8,25.0,13.6,15.9,18.5,24.3,18.4,13.6,17.3,25.1,25.0,19.5,25.5,8.5,55.6,25.0,11.5,25.5,9.6,42.0,6.7,9.8,24.8,23.1,15.5,9.6,14.6,10.4,16.3,27.4,36.6,35.2,19.5,55.1,20.7,17.6,20.2,14.8
Oct-2014,14.4,11.0,22.3,12.7,15.5,18.0,25.2,13.9,15.0,13.6,24.0,23.5,21.8,26.3,8.0,53.3,18.9,11.3,20.8,10.9,41.8,5.7,10.1,19.6,18.5,21.5,9.1,13.1,11.6,15.1,22.3,32.7,29.1,19.3,52.1,22.3,18.5,17.0,12.6
Oct-2015,12.7,11.8,25.9,12.6,15.3,17.7,22.9,12.2,12.2,16.5,23.0,22.3,20.1,26.2,7.6,53.3,15.3,9.2,19.9,8.6,39.7,5.5,10.0,20.1,14.7,18.3,8.6,12.8,13.1,14.0,20.3,31.8,27.2,17.1,46.9,19.3,18.3,13.8,11.0
Oct-2016,12.8,11.8,19.9,12.3,14.6,18.2,23.1,11.4,13.1,12.9,20.9,20.1,20.6,26.0,7.3,43.8,11.9,8.1,16.5,9.2,36.9,5.0,11.0,17.4,14.2,18.9,7.0,11.8,11.1,13.3,16.6,27.2,21.9,15.1,43.0,17.8,20.8,12.7,10.6
Oct-2017,12.2,10.4,17.2,10.8,17.5,18.6,24.7,7.8,10.3,10.3,18.7,17.9,15.0,22.8,7.0,42.0,10.4,8.1,13.9,7.5,34.3,4.3,10.6,18.3,13.1,14.3,6.7,9.5,10.7,12.2,14.7,24.4,19.4,12.2,37.2,15.9,19.2,12.2,9.2
Oct-2018,11.4,11.6,12.4,10.5,17.3,21.0,29.9,5.5,10.4,17.0,17.4,16.7,19.3,21.5,6.4,42.4,10.1,7.9,13.8,7.6,33.1,3.1,10.6,12.4,10.5,14.1,6.4,8.9,12.1,11.9,12.3,20.5,14.3,7.1,34.1,19.9,22.0,11.7,8.5
Oct-2019,12.5,9.9,15.0,11.1,20.2,22.0,35.1,6.3,10.4,9.5,16.3,15.6,18.4,21.7,6.2,37.1,11.9,10.5,11.0,6.7,27.7,4.6,9.6,10.1,14.0,17.1,7.8,9.0,12.3,12.0,8.3,17.9,17.7,8.6,31.3,19.6,25.1,11.3,8.0
Oct-2020,15.6,8.3,16.4,18.1,25.0,27.5,46.3,8.6,12.7,22.5,18.6,18.0,21.0,21.0,8.2,38.6,12.1,12.2,17.1,9.4,30.5,4.7,10.6,11.5,25.8,21.0,8.0,11.4,14.5,14.6,12.8,24.7,21.0,15.0,40.1,22.5,24.7,14.6,11.8
Oct-2021,13.2,10.3,15.7,9.6,16.8,25.6,35.5,7.7,12.4,16.2,15.3,15.3,15.3,17.2,6.0,32.9,12.6,9.0,11.9,8.6,27.5,4.0,8.1,13.0,11.7,16.9,7.8,8.5,10.8,11.6,9.4,22.2,19.4,10.1,31.7,23.8,19.3,11.0,8.5
Oct-2022,7.3,9.1,16.2,10.9,19.0,21.9,30.0,6.0,13.3,13.0,14.5,14.6,12.0,17.4,5.9,27.1,10.9,7.8,10.8,8.7,23.8,4.7,6.5,18.1,11.9,18.7,6.6,7.8,12.6,11.1,12.3,17.9,20.2,9.3,30.3,23.2,21.4,11.1,8.1
Sep-2012,12.0,10.6,20.6,14.4,16.3,21.1,22.7,18.9,14.9,19.0,24.8,24.8,21.1,26.5,8.5,59.0,28.4,13.6,30.4,12.3,36.3,7.3,8.8,29.5,25.8,18.3,9.3,13.1,10.8,16.6,26.7,39.6,34.7,23.2,54.0,22.6,16.1,20.5,15.5
Sep-2013,12.7,10.0,23.5,12.7,15.5,19.6,23.1,18.7,17.0,17.3,25.2,25.2,22.0,26.1,8.4,56.8,24.8,11.8,25.6,11.1,41.4,7.1,9.3,27.5,24.2,15.6,9.7,14.8,10.5,16.5,27.5,36.7,34.1,20.4,55.5,21.9,17.7,20.6,15.1
Sep-2014,13.6,11.9,20.7,14.0,16.0,17.5,26.2,14.3,14.5,13.3,24.1,23.6,21.3,26.1,8.1,49.9,19.3,11.4,21.5,11.9,41.8,5.6,10.3,20.5,17.8,,9.9,13.1,10.5,,23.0,32.3,29.2,19.9,53.4,23.1,18.3,16.6,13.8
Sep-2015,12.8,12.9,21.8,12.7,15.4,18.4,22.1,12.0,14.2,17.4,22.9,22.2,19.6,26.3,7.6,50.7,15.3,9.5,19.7,9.1,38.9,5.5,10.3,17.3,15.8,17.5,8.2,12.7,12.7,14.0,20.1,31.5,27.7,14.0,47.6,19.7,18.2,13.6,11.2
Sep-2016,12.7,13.7,20.9,12.6,14.4,16.8,22.6,9.7,11.2,13.9,21.2,20.3,20.5,26.3,7.3,45.6,11.9,8.0,16.2,8.6,36.9,4.9,11.9,18.5,13.2,19.2,7.0,11.8,12.5,13.2,17.7,28.2,22.5,14.6,43.0,16.6,20.3,13.0,10.4
Sep-2017,12.5,11.0,18.4,10.3,17.2,20.5,26.6,7.4,13.8,11.1,18.9,18.1,21.3,22.6,6.9,41.2,10.6,8.4,15.0,7.1,34.9,4.7,10.5,17.6,12.4,15.3,6.8,10.0,13.3,12.3,14.3,24.3,19.9,11.3,37.1,17.9,19.5,12.0,9.1
Sep-2018,11.5,10.5,15.4,10.4,18.1,20.2,27.7,7.3,11.1,17.6,17.3,16.6,18.2,22.1,6.4,38.6,10.2,7.9,14.1,7.4,32.3,3.2,11.2,11.3,9.7,14.2,7.0,9.2,11.8,11.8,12.3,19.5,15.4,9.7,34.0,17.1,20.9,11.4,8.4
Sep-2019,11.8,8.1,12.3,11.8,18.7,22.6,32.5,5.2,10.3,11.6,16.0,15.4,17.9,20.1,6.2,38.2,11.6,10.2,12.2,6.7,28.6,4.7,9.7,10.2,12.5,16.0,7.6,8.9,10.6,12.0,9.3,18.8,18.3,8.1,31.8,19.4,25.9,11.2,7.9
Sep-2020,14.6,9.6,16.9,18.0,25.6,26.1,48.2,7.8,11.4,21.7,18.8,18.1,18.1,21.9,8.1,33.2,12.5,12.2,20.6,8.2,29.7,4.3,11.8,12.8,19.7,22.6,8.2,12.0,14.4,15.0,12.1,24.4,21.4,15.9,40.4,23.0,25.4,14.9,13.6
Sep-2021,10.8,9.2,18.6,11.2,17.6,24.7,36.9,6.2,11.9,15.1,15.5,15.5,13.4,18.2,6.2,27.4,12.7,9.1,10.9,7.5,28.5,4.2,6.2,14.0,12.5,16.8,6.8,9.0,13.0,11.7,9.8,22.7,20.2,12.9,30.8,25.9,20.8,11.2,8.8
Sep-2022,7.8,11.8,17.5,10.3,19.3,22.3,31.1,8.4,13.4,14.3,15.1,15.1,18.1,17.6,5.9,32.1,10.7,7.9,11.5,8.1,23.9,4.4,7.3,18.0,11.5,18.0,6.7,8.4,10.5,11.1,12.1,18.8,19.2,9.6,31.3,22.2,19.4,10.5,8.3
